trial,fold,F1 Score,Accuracy,Precision,Recall,Batch Size,Learning Rate,Optimizer,Scheduler,Accumulation Steps,Weight Decay
50,1,0.6564359382083135,0.6567919075144508,0.6567501108841711,0.6567919075144508,128,0.0003749527042278,AdamW,CosineAnnealingLR,4,0.0002337669134288
50,2,0.6589936882903656,0.6588792549775209,0.6594562151161257,0.6588792549775209,128,0.0003749527042278,AdamW,CosineAnnealingLR,4,0.0002337669134288
50,3,0.6562342208994285,0.6565234845443597,0.6565660323458447,0.6565234845443597,128,0.0003749527042278,AdamW,CosineAnnealingLR,4,0.0002337669134288
50,4,0.6625104374580725,0.6631874749096748,0.6628453310847194,0.6631874749096748,128,0.0003749527042278,AdamW,CosineAnnealingLR,4,0.0002337669134288
50,5,0.6542882839562792,0.6548374146928945,0.6546199582061479,0.6548374146928945,128,0.0003749527042278,AdamW,CosineAnnealingLR,4,0.0002337669134288
94,1,0.6854604794747143,0.685854206807964,0.6869923163066373,0.685854206807964,256,0.0016406643744525,AdamW,StepLR,2,0.0014559334644784
94,2,0.6829163232010022,0.6836865767501605,0.6827779107027357,0.6836865767501605,256,0.0016406643744525,AdamW,StepLR,2,0.0014559334644784
94,3,0.6811204824150514,0.6821356884785227,0.6810516796429583,0.6821356884785227,256,0.0016406643744525,AdamW,StepLR,2,0.0014559334644784
94,4,0.6867423154796739,0.6872741870734644,0.6873188642432566,0.6872741870734644,256,0.0016406643744525,AdamW,StepLR,2,0.0014559334644784
94,5,0.6767687184536245,0.6769169008430349,0.6770304139602218,0.6769169008430349,256,0.0016406643744525,AdamW,StepLR,2,0.0014559334644784
12,1,0.6532229188508469,0.6541425818882466,0.653836282980411,0.6541425818882466,384,0.0004530970139282,AdamW,StepLR,4,0.0071658971897406
12,2,0.6510906339886129,0.6515735388567758,0.6510481993553324,0.6515735388567758,384,0.0004530970139282,AdamW,StepLR,4,0.0071658971897406
12,3,0.6524826904639458,0.6532316338819751,0.6521942513125759,0.6532316338819751,384,0.0004530970139282,AdamW,StepLR,4,0.0071658971897406
12,4,0.6547161071122882,0.6548374146928945,0.6549032687765579,0.6548374146928945,384,0.0004530970139282,AdamW,StepLR,4,0.0071658971897406
12,5,0.6521196321385765,0.6522681653954235,0.6524183002011064,0.6522681653954235,384,0.0004530970139282,AdamW,StepLR,4,0.0071658971897406
7,1,0.508929855143302,0.5188664097623635,0.5175247023162473,0.5188664097623635,64,1.4244809676134236e-06,Adam,CosineAnnealingLR,2,0.0002431246753668
7,2,0.5088138021912426,0.515655105973025,0.5130338534285904,0.515655105973025,64,1.4244809676134236e-06,Adam,CosineAnnealingLR,2,0.0002431246753668
7,3,0.5123888500456392,0.5207547169811321,0.5194715401540966,0.5207547169811321,64,1.4244809676134236e-06,Adam,CosineAnnealingLR,2,0.0002431246753668
7,4,0.5126751067338672,0.520915295062224,0.5196461763614942,0.520915295062224,64,1.4244809676134236e-06,Adam,CosineAnnealingLR,2,0.0002431246753668
7,5,0.5001866892780423,0.5089522280208751,0.5034903054149829,0.5089522280208751,64,1.4244809676134236e-06,Adam,CosineAnnealingLR,2,0.0002431246753668
91,1,0.6814609503641116,0.6816795118818241,0.6826733409745659,0.6816795118818241,256,0.0018723633891323,AdamW,StepLR,2,0.0010074082686021
91,2,0.6802640613299591,0.6807161207450225,0.6803649621063321,0.6807161207450225,256,0.0018723633891323,AdamW,StepLR,2,0.0010074082686021
91,3,0.6817899858306135,0.6819751103974308,0.6828252699027536,0.6819751103974308,256,0.0018723633891323,AdamW,StepLR,2,0.0010074082686021
91,4,0.6868059952968738,0.6871136089923725,0.6871461501589403,0.6871136089923725,256,0.0018723633891323,AdamW,StepLR,2,0.0010074082686021
91,5,0.6807454421435678,0.6810116419108792,0.6811098747788416,0.6810116419108792,256,0.0018723633891323,AdamW,StepLR,2,0.0010074082686021
55,1,0.67780135411653,0.6776653821451509,0.6785996322850614,0.6776653821451509,64,0.0023383160365833,AdamW,StepLR,1,0.0057076794413852
55,2,0.6767232712328382,0.6771034039820167,0.6778317225460638,0.6771034039820167,64,0.0023383160365833,AdamW,StepLR,1,0.0057076794413852
55,3,0.6698642566730151,0.6705740666399036,0.6704544282076155,0.6705740666399036,64,0.0023383160365833,AdamW,StepLR,1,0.0057076794413852
55,4,0.6792921520909926,0.6797270172621437,0.6801060063287772,0.6797270172621437,64,0.0023383160365833,AdamW,StepLR,1,0.0057076794413852
55,5,0.6727803045241161,0.6731433159373745,0.6734945637725507,0.6731433159373745,64,0.0023383160365833,AdamW,StepLR,1,0.0057076794413852
5,1,0.4913703242700951,0.5073859987154785,0.5029672868026999,0.5073859987154785,512,2.9719039416838115e-06,Adam,StepLR,1,4.00741461296203e-05
5,2,0.4839774084567364,0.4956647398843931,0.4898484830813294,0.4956647398843931,512,2.9719039416838115e-06,Adam,StepLR,1,4.00741461296203e-05
5,3,0.4893176004730764,0.4989963869931754,0.4921644706991509,0.4989963869931754,512,2.9719039416838115e-06,Adam,StepLR,1,4.00741461296203e-05
5,4,0.4900824714965001,0.5005218787635488,0.4961492867910849,0.5005218787635488,512,2.9719039416838115e-06,Adam,StepLR,1,4.00741461296203e-05
5,5,0.4890659951918373,0.4961862705740666,0.4926280337892796,0.4961862705740666,512,2.9719039416838115e-06,Adam,StepLR,1,4.00741461296203e-05
26,1,0.6475998321007435,0.6482016698779705,0.6481947776467074,0.6482016698779705,64,0.0001663447901966,AdamW,CosineAnnealingLR,8,0.0020047295923399
26,2,0.6439290071959523,0.6447495183044316,0.6440339573870766,0.6447495183044316,64,0.0001663447901966,AdamW,CosineAnnealingLR,8,0.0020047295923399
26,3,0.6425963825029539,0.6438378161380971,0.6428265940024553,0.6438378161380971,64,0.0001663447901966,AdamW,CosineAnnealingLR,8,0.0020047295923399
26,4,0.6510898427984849,0.6528301886792452,0.6509996050234155,0.6528301886792452,64,0.0001663447901966,AdamW,CosineAnnealingLR,8,0.0020047295923399
26,5,0.6443040015353431,0.6460859092733842,0.6444531696435104,0.6460859092733842,64,0.0001663447901966,AdamW,CosineAnnealingLR,8,0.0020047295923399
75,1,0.678117287430634,0.6779062299293513,0.6801994915162243,0.6779062299293513,256,0.0039908256686922,AdamW,StepLR,4,0.0018672674795009
75,2,0.6756290239141147,0.6763005780346821,0.6766848893514524,0.6763005780346821,256,0.0039908256686922,AdamW,StepLR,4,0.0018672674795009
75,3,0.678982423936604,0.6786029706945002,0.6800296967524921,0.6786029706945002,256,0.0039908256686922,AdamW,StepLR,4,0.0018672674795009
75,4,0.688069454375034,0.6887996788438379,0.6883768176183267,0.6887996788438379,256,0.0039908256686922,AdamW,StepLR,4,0.0018672674795009
75,5,0.6791857365939762,0.6786832597350462,0.6807955793823199,0.6786832597350462,256,0.0039908256686922,AdamW,StepLR,4,0.0018672674795009
77,1,0.6836944668041851,0.6838471419396275,0.6845410362658833,0.6838471419396275,256,0.0022811615730593,AdamW,StepLR,4,0.0011864176508883
77,2,0.6805729516123613,0.6804752729608221,0.6809705454571872,0.6804752729608221,256,0.0022811615730593,AdamW,StepLR,4,0.0011864176508883
77,3,0.6804910502151005,0.6808510638297872,0.6812505177884843,0.6808510638297872,256,0.0022811615730593,AdamW,StepLR,4,0.0011864176508883
77,4,0.685081280120171,0.6861501405058209,0.6848972060056209,0.6861501405058209,256,0.0022811615730593,AdamW,StepLR,4,0.0011864176508883
77,5,0.6769175979875109,0.6773183460457648,0.6775991303753408,0.6773183460457648,256,0.0022811615730593,AdamW,StepLR,4,0.0011864176508883
54,1,0.6799305843408193,0.6811978163134232,0.6815670418167764,0.6811978163134232,256,0.0014521336227046,AdamW,StepLR,2,0.0020589467417915
54,2,0.677594979373912,0.6782273603082851,0.6781778166742283,0.6782273603082851,256,0.0014521336227046,AdamW,StepLR,2,0.0020589467417915
54,3,0.6790074883161559,0.678924126856684,0.6798163422453487,0.678924126856684,256,0.0014521336227046,AdamW,StepLR,2,0.0020589467417915
54,4,0.685590423420532,0.6863107185869128,0.685947741978722,0.6863107185869128,256,0.0014521336227046,AdamW,StepLR,2,0.0020589467417915
54,5,0.6772834715463729,0.6778803693295865,0.6777854304338881,0.6778803693295865,256,0.0014521336227046,AdamW,StepLR,2,0.0020589467417915
13,1,0.6447425781736416,0.6459537572254336,0.646049960800893,0.6459537572254336,128,0.003966619572047,Adam,StepLR,1,0.000433618572072
13,2,0.6370238087074792,0.6374438021836866,0.6379752295143564,0.6374438021836866,128,0.003966619572047,Adam,StepLR,1,0.000433618572072
13,3,0.6346396627174883,0.6368526696105982,0.6366052282933307,0.6368526696105982,128,0.003966619572047,Adam,StepLR,1,0.000433618572072
13,4,0.6450436987618496,0.64656764351666,0.6487750866608938,0.64656764351666,128,0.003966619572047,Adam,StepLR,1,0.000433618572072
13,5,0.6368465085750953,0.6378161380971498,0.6391844271281223,0.6378161380971498,128,0.003966619572047,Adam,StepLR,1,0.000433618572072
70,1,0.6881516470247748,0.6885035324341683,0.6891784025572254,0.6885035324341683,256,0.0019875717840141,AdamW,StepLR,4,0.0015436336461969
70,2,0.6782145887519714,0.6789499036608864,0.6782585075244675,0.6789499036608864,256,0.0019875717840141,AdamW,StepLR,4,0.0015436336461969
70,3,0.678740761582161,0.679164993978322,0.6790284611419464,0.679164993978322,256,0.0019875717840141,AdamW,StepLR,4,0.0015436336461969
70,4,0.6867359137566058,0.6871938980329185,0.6866699852579967,0.6871938980329185,256,0.0019875717840141,AdamW,StepLR,4,0.0015436336461969
70,5,0.6735067264942769,0.6734644720995584,0.6741726638497548,0.6734644720995584,256,0.0019875717840141,AdamW,StepLR,4,0.0015436336461969
40,1,0.6138682599089781,0.6153660886319846,0.6155752245098084,0.6153660886319846,128,2.1121994423489225e-05,AdamW,StepLR,1,0.001284564124388
40,2,0.613117344696629,0.6150449582530507,0.6135962908229937,0.6150449582530507,128,2.1121994423489225e-05,AdamW,StepLR,1,0.001284564124388
40,3,0.6145455801042409,0.6165395423524689,0.615800195423176,0.6165395423524689,128,2.1121994423489225e-05,AdamW,StepLR,1,0.001284564124388
40,4,0.6233971836886073,0.6246487354476113,0.625784826467761,0.6246487354476113,128,2.1121994423489225e-05,AdamW,StepLR,1,0.001284564124388
40,5,0.6116668318602148,0.6128462464873545,0.6121416465742044,0.6128462464873545,128,2.1121994423489225e-05,AdamW,StepLR,1,0.001284564124388
9,1,0.6555183546857247,0.6560693641618497,0.6553977279683406,0.6560693641618497,256,0.0002554275570442,Adam,StepLR,2,1.87784008964611e-06
9,2,0.6529918792662096,0.6532594733461785,0.6531306587526602,0.6532594733461785,256,0.0002554275570442,Adam,StepLR,2,1.87784008964611e-06
9,3,0.655372488442831,0.6553191489361702,0.6558547354480236,0.6553191489361702,256,0.0002554275570442,Adam,StepLR,2,1.87784008964611e-06
9,4,0.6569775147680663,0.6574869530309113,0.6570797347183531,0.6574869530309113,256,0.0002554275570442,Adam,StepLR,2,1.87784008964611e-06
9,5,0.6508494120015655,0.6517061421116017,0.6511013331229281,0.6517061421116017,256,0.0002554275570442,Adam,StepLR,2,1.87784008964611e-06
92,1,0.6860239301506835,0.6860950545921645,0.6867253404734881,0.6860950545921645,256,0.0019813054763819,AdamW,StepLR,2,0.0014633338499676
92,2,0.6788329474939732,0.6789499036608864,0.6795467129238915,0.6789499036608864,256,0.0019813054763819,AdamW,StepLR,2,0.0014633338499676
92,3,0.6803810464309479,0.6808510638297872,0.681654959626452,0.6808510638297872,256,0.0019813054763819,AdamW,StepLR,2,0.0014633338499676
92,4,0.6875722591114882,0.6877559213167402,0.688283133275235,0.6877559213167402,256,0.0019813054763819,AdamW,StepLR,2,0.0014633338499676
92,5,0.6811259230502931,0.6818145323163388,0.6820125049704001,0.6818145323163388,256,0.0019813054763819,AdamW,StepLR,2,0.0014633338499676
35,1,0.663991435938065,0.6644187540141298,0.6644583422145552,0.6644187540141298,256,0.0003199161026267,AdamW,StepLR,1,0.0051350093011267
35,2,0.6603668511431194,0.6601637764932563,0.660876274212685,0.6601637764932563,256,0.0003199161026267,AdamW,StepLR,1,0.0051350093011267
35,3,0.6602000899321174,0.6610196708149337,0.6600476249114142,0.6610196708149337,256,0.0003199161026267,AdamW,StepLR,1,0.0051350093011267
35,4,0.6650492728302245,0.6657567242071457,0.6647817064518531,0.6657567242071457,256,0.0003199161026267,AdamW,StepLR,1,0.0051350093011267
35,5,0.6594014980965768,0.6588518667201927,0.6602845371383556,0.6588518667201927,256,0.0003199161026267,AdamW,StepLR,1,0.0051350093011267
25,1,0.6710185721742555,0.6714836223506744,0.6712561228977004,0.6714836223506744,384,0.0020100181532364,AdamW,StepLR,8,0.0008193052271364
25,2,0.6706014890919536,0.6706807964033398,0.6716174901308153,0.6706807964033398,384,0.0020100181532364,AdamW,StepLR,8,0.0008193052271364
25,3,0.6700116704329396,0.6700120433560819,0.6706677327695457,0.6700120433560819,384,0.0020100181532364,AdamW,StepLR,8,0.0008193052271364
25,4,0.6696841096980538,0.6704937775993577,0.6696706703355318,0.6704937775993577,384,0.0020100181532364,AdamW,StepLR,8,0.0008193052271364
25,5,0.6685862424073721,0.6692894419911682,0.6687874671980074,0.6692894419911682,384,0.0020100181532364,AdamW,StepLR,8,0.0008193052271364
96,1,0.683544369033231,0.6832048811817598,0.685145605205805,0.6832048811817598,256,0.0037453691615718,AdamW,StepLR,2,0.0025417551105993
96,2,0.6767694483278065,0.6771034039820167,0.6771224280912694,0.6771034039820167,256,0.0037453691615718,AdamW,StepLR,2,0.0025417551105993
96,3,0.6811799353611924,0.6808510638297872,0.6820844486557773,0.6808510638297872,256,0.0037453691615718,AdamW,StepLR,2,0.0025417551105993
96,4,0.6859771865128708,0.6871938980329185,0.6877795370816672,0.6871938980329185,256,0.0037453691615718,AdamW,StepLR,2,0.0025417551105993
96,5,0.6751815427798281,0.6750702529104777,0.6762136682951743,0.6750702529104777,256,0.0037453691615718,AdamW,StepLR,2,0.0025417551105993
61,1,0.6875184869808869,0.6874598587026333,0.6888754777248115,0.6874598587026333,256,0.0014970003457465,AdamW,StepLR,2,0.001816218664409
61,2,0.679902626332701,0.6801541425818882,0.6801073083225816,0.6801541425818882,256,0.0014970003457465,AdamW,StepLR,2,0.001816218664409
61,3,0.6786102560864242,0.6782818145323163,0.6796069001361944,0.6782818145323163,256,0.0014970003457465,AdamW,StepLR,2,0.001816218664409
61,4,0.6812186967445899,0.6817342432757929,0.6813963462690995,0.6817342432757929,256,0.0014970003457465,AdamW,StepLR,2,0.001816218664409
61,5,0.6795666428414624,0.6798073063026897,0.6797440653655914,0.6798073063026897,256,0.0014970003457465,AdamW,StepLR,2,0.001816218664409
8,1,0.4774403315215698,0.488359023763648,0.4849410596938001,0.488359023763648,384,3.24573212470412e-06,AdamW,CosineAnnealingLR,2,0.0025648944792099
8,2,0.4834407695970634,0.4909280667951188,0.4889687966875636,0.4909280667951188,384,3.24573212470412e-06,AdamW,CosineAnnealingLR,2,0.0025648944792099
8,3,0.4759125680191843,0.4879967884383782,0.4826572970482471,0.4879967884383782,384,3.24573212470412e-06,AdamW,CosineAnnealingLR,2,0.0025648944792099
8,4,0.4832189421999367,0.495383380168607,0.4934701748411428,0.495383380168607,384,3.24573212470412e-06,AdamW,CosineAnnealingLR,2,0.0025648944792099
8,5,0.4832776129436201,0.4919309514251305,0.4868311744569724,0.4919309514251305,384,3.24573212470412e-06,AdamW,CosineAnnealingLR,2,0.0025648944792099
39,1,0.6789762842170148,0.6793513166345536,0.6797190304277261,0.6793513166345536,384,0.0011791767007379,AdamW,CosineAnnealingLR,1,0.0027149717112229
39,2,0.6797502869553208,0.6799935773924213,0.6801678515623814,0.6799935773924213,384,0.0011791767007379,AdamW,CosineAnnealingLR,1,0.0027149717112229
39,3,0.6759359723899178,0.6758731433159374,0.6764804871844236,0.6758731433159374,384,0.0011791767007379,AdamW,CosineAnnealingLR,1,0.0027149717112229
39,4,0.6834684517907053,0.6838217583299879,0.683470819793269,0.6838217583299879,384,0.0011791767007379,AdamW,CosineAnnealingLR,1,0.0027149717112229
39,5,0.6774940473319299,0.6776395022079487,0.6777483611510661,0.6776395022079487,384,0.0011791767007379,AdamW,CosineAnnealingLR,1,0.0027149717112229
19,1,0.6825205570217446,0.6824823378291587,0.683210876997119,0.6824823378291587,64,0.0035638692250341,AdamW,StepLR,8,0.0005790916300063
19,2,0.6804074691829597,0.6812780989081567,0.6800501647207762,0.6812780989081567,64,0.0035638692250341,AdamW,StepLR,8,0.0005790916300063
19,3,0.671721844276122,0.672260136491369,0.6720180758001177,0.672260136491369,64,0.0035638692250341,AdamW,StepLR,8,0.0005790916300063
19,4,0.6803697782474342,0.6804496186270574,0.6807611243194905,0.6804496186270574,64,0.0035638692250341,AdamW,StepLR,8,0.0005790916300063
19,5,0.6755192534523242,0.6760337213970293,0.6771745056229435,0.6760337213970293,64,0.0035638692250341,AdamW,StepLR,8,0.0005790916300063
99,1,0.6697159802601124,0.6696371226718048,0.6700096797358526,0.6696371226718048,512,0.0009661972582898,AdamW,StepLR,2,0.0011721048558063
99,2,0.6710983102415599,0.6718850353243416,0.6718284877094397,0.6718850353243416,512,0.0009661972582898,AdamW,StepLR,2,0.0011721048558063
99,3,0.6724379192526385,0.6729024488157367,0.6730677233441303,0.6729024488157367,512,0.0009661972582898,AdamW,StepLR,2,0.0011721048558063
99,4,0.6703149835808312,0.6710558008831794,0.6705209851558633,0.6710558008831794,512,0.0009661972582898,AdamW,StepLR,2,0.0011721048558063
99,5,0.6653978646184799,0.6655158570855079,0.6660597580260951,0.6655158570855079,512,0.0009661972582898,AdamW,StepLR,2,0.0011721048558063
33,1,0.6856960886530251,0.686014771997431,0.6862196739886361,0.686014771997431,64,0.0006478906925221,AdamW,StepLR,1,0.004425813801432
33,2,0.6779807915810682,0.6779865125240848,0.6785853285619836,0.6779865125240848,64,0.0006478906925221,AdamW,StepLR,1,0.004425813801432
33,3,0.6814365117990632,0.6819751103974308,0.682401231683282,0.6819751103974308,64,0.0006478906925221,AdamW,StepLR,1,0.004425813801432
33,4,0.6819143617220401,0.6822962665596146,0.6822700377605034,0.6822962665596146,64,0.0006478906925221,AdamW,StepLR,1,0.004425813801432
33,5,0.6813408418049959,0.6809313528703332,0.6827915000229021,0.6809313528703332,64,0.0006478906925221,AdamW,StepLR,1,0.004425813801432
42,1,0.6778333144915263,0.6784682080924855,0.6780257308637095,0.6784682080924855,64,0.0003509767252237,AdamW,StepLR,1,0.000336268769388
42,2,0.6720346037955995,0.6729287090558767,0.6719374779655072,0.6729287090558767,64,0.0003509767252237,AdamW,StepLR,1,0.000336268769388
42,3,0.6740510585515108,0.6741870734644722,0.6744426215736913,0.6741870734644722,64,0.0003509767252237,AdamW,StepLR,1,0.000336268769388
42,4,0.676596226746351,0.6769971898835809,0.6765731358740359,0.6769971898835809,64,0.0003509767252237,AdamW,StepLR,1,0.000336268769388
42,5,0.6786604708485031,0.678924126856684,0.6793429563730957,0.678924126856684,64,0.0003509767252237,AdamW,StepLR,1,0.000336268769388
41,1,0.682916190428455,0.6836062941554271,0.6833797732863452,0.6836062941554271,64,0.0008758842741285,AdamW,StepLR,1,0.0013950053612189
41,2,0.6810259268022204,0.6815189466923571,0.681244628313581,0.6815189466923571,64,0.0008758842741285,AdamW,StepLR,1,0.0013950053612189
41,3,0.680544521184269,0.681493376154155,0.6807726173819324,0.681493376154155,64,0.0008758842741285,AdamW,StepLR,1,0.0013950053612189
41,4,0.6841952209638696,0.6846246487354476,0.6847547015951391,0.6846246487354476,64,0.0008758842741285,AdamW,StepLR,1,0.0013950053612189
41,5,0.6838153706237473,0.6839823364110799,0.6841665439161063,0.6839823364110799,64,0.0008758842741285,AdamW,StepLR,1,0.0013950053612189
98,1,0.6810035137762784,0.6807161207450225,0.682567821278357,0.6807161207450225,256,0.0013829460372514,AdamW,StepLR,2,0.0019245566977018
98,2,0.6817360773134197,0.6816795118818241,0.6827274427397695,0.6816795118818241,256,0.0013829460372514,AdamW,StepLR,2,0.0019245566977018
98,3,0.6820232806065978,0.6826977117623444,0.6818356188021901,0.6826977117623444,256,0.0013829460372514,AdamW,StepLR,2,0.0019245566977018
98,4,0.6862269245589478,0.6874347651545564,0.6863765575058416,0.6874347651545564,256,0.0013829460372514,AdamW,StepLR,2,0.0019245566977018
98,5,0.6783900409015895,0.6786832597350462,0.6791398906768217,0.6786832597350462,256,0.0013829460372514,AdamW,StepLR,2,0.0019245566977018
20,1,0.5558370436483774,0.5606133590237636,0.5600465378336883,0.5606133590237636,64,9.860655958484494e-06,AdamW,StepLR,8,2.4219251310438056e-05
20,2,0.5508298487236337,0.5551541425818882,0.5536092589434685,0.5551541425818882,64,9.860655958484494e-06,AdamW,StepLR,8,2.4219251310438056e-05
20,3,0.5497832251889696,0.553673223604978,0.5513420253212903,0.553673223604978,64,9.860655958484494e-06,AdamW,StepLR,8,2.4219251310438056e-05
20,4,0.5537209998879907,0.55800883179446,0.559785008733266,0.55800883179446,64,9.860655958484494e-06,AdamW,StepLR,8,2.4219251310438056e-05
20,5,0.5432450668051574,0.5481332798073063,0.546858464161411,0.5481332798073063,64,9.860655958484494e-06,AdamW,StepLR,8,2.4219251310438056e-05
34,1,0.6591883570015723,0.6594412331406551,0.6597566788220605,0.6594412331406551,64,0.0001013741107112,AdamW,StepLR,1,0.0040116815227447
34,2,0.6521794721570771,0.652296082209377,0.6532292971311348,0.652296082209377,64,0.0001013741107112,AdamW,StepLR,1,0.0040116815227447
34,3,0.6604233908542567,0.660377358490566,0.6610572001411538,0.660377358490566,64,0.0001013741107112,AdamW,StepLR,1,0.0040116815227447
34,4,0.662136695500385,0.6633480529907667,0.6617794238562892,0.6633480529907667,64,0.0001013741107112,AdamW,StepLR,1,0.0040116815227447
34,5,0.6547315139930631,0.6548374146928945,0.6553273649089889,0.6548374146928945,64,0.0001013741107112,AdamW,StepLR,1,0.0040116815227447
17,1,0.6776651964376538,0.6771034039820167,0.6810743373540491,0.6771034039820167,64,0.0037509366834418,AdamW,StepLR,4,0.0005881615828588
17,2,0.6716621282907914,0.671242774566474,0.673651236394328,0.671242774566474,64,0.0037509366834418,AdamW,StepLR,4,0.0005881615828588
17,3,0.6782911533453251,0.67900441589723,0.6793105313808584,0.67900441589723,64,0.0037509366834418,AdamW,StepLR,4,0.0005881615828588
17,4,0.6805000671200245,0.6805299076676034,0.6816896143519964,0.6805299076676034,64,0.0037509366834418,AdamW,StepLR,4,0.0005881615828588
17,5,0.6751898977482792,0.6762745885186672,0.6751477570224302,0.6762745885186672,64,0.0037509366834418,AdamW,StepLR,4,0.0005881615828588
71,1,0.6806423591182262,0.6810372511239563,0.6815382731352118,0.6810372511239563,256,0.0018806964502352,AdamW,StepLR,4,0.0016648820932382
71,2,0.6756295643197873,0.6757385998715478,0.6758583973869909,0.6757385998715478,256,0.0018806964502352,AdamW,StepLR,4,0.0016648820932382
71,3,0.6844191143296636,0.6848655158570855,0.6844954422912253,0.6848655158570855,256,0.0018806964502352,AdamW,StepLR,4,0.0016648820932382
71,4,0.6798403902714772,0.6803693295865114,0.6803710346629188,0.6803693295865114,256,0.0018806964502352,AdamW,StepLR,4,0.0016648820932382
71,5,0.6727359380976263,0.6735447611401044,0.6731088702861182,0.6735447611401044,256,0.0018806964502352,AdamW,StepLR,4,0.0016648820932382
85,1,0.6823557770481932,0.6822414900449583,0.6828708613477915,0.6822414900449583,256,0.0050071632301273,AdamW,CosineAnnealingLR,4,1.729413494342788e-05
85,2,0.6796891098924367,0.6799132947976878,0.6797482639337502,0.6799132947976878,256,0.0050071632301273,AdamW,CosineAnnealingLR,4,1.729413494342788e-05
85,3,0.6795267691499793,0.6795664391810518,0.6801682225493294,0.6795664391810518,256,0.0050071632301273,AdamW,CosineAnnealingLR,4,1.729413494342788e-05
85,4,0.6844029723210221,0.6849458048976315,0.6843650342073229,0.6849458048976315,256,0.0050071632301273,AdamW,CosineAnnealingLR,4,1.729413494342788e-05
85,5,0.6801218188005747,0.6802087515054195,0.6805218369398107,0.6802087515054195,256,0.0050071632301273,AdamW,CosineAnnealingLR,4,1.729413494342788e-05
64,1,0.6801663871887621,0.680796403339756,0.6810708411278878,0.680796403339756,256,0.003221866273438,AdamW,StepLR,2,0.0006209715871083
64,2,0.6825750861695069,0.6828837508028259,0.6826415276681416,0.6828837508028259,256,0.003221866273438,AdamW,StepLR,2,0.0006209715871083
64,3,0.6738732772977358,0.6738659173022883,0.6744247480626545,0.6738659173022883,256,0.003221866273438,AdamW,StepLR,2,0.0006209715871083
64,4,0.6909918279070913,0.6914492171818547,0.69146992023048,0.6914492171818547,256,0.003221866273438,AdamW,StepLR,2,0.0006209715871083
64,5,0.6780647895315824,0.6786832597350462,0.6778185694871797,0.6786832597350462,256,0.003221866273438,AdamW,StepLR,2,0.0006209715871083
65,1,0.683528143710288,0.6838471419396275,0.6841802485851081,0.6838471419396275,256,0.0032357940866089,AdamW,StepLR,2,0.000689945068421
65,2,0.6733032328201234,0.6732498394348105,0.6739157986924101,0.6732498394348105,256,0.0032357940866089,AdamW,StepLR,2,0.000689945068421
65,3,0.676822977426731,0.676756322761943,0.6778244497443252,0.676756322761943,256,0.0032357940866089,AdamW,StepLR,2,0.000689945068421
65,4,0.6851883229822144,0.6857486953030911,0.6851254095668593,0.6857486953030911,256,0.0032357940866089,AdamW,StepLR,2,0.000689945068421
65,5,0.6758853167504713,0.6760337213970293,0.6762458108738152,0.6760337213970293,256,0.0032357940866089,AdamW,StepLR,2,0.000689945068421
44,1,0.6857742117892995,0.6857739242132306,0.6866373940718941,0.6857739242132306,64,0.0007809168629402,AdamW,StepLR,2,0.0063210122133445
44,2,0.6764246403224009,0.6760597302504817,0.6776831063754573,0.6760597302504817,64,0.0007809168629402,AdamW,StepLR,2,0.0063210122133445
44,3,0.6796115961087377,0.6801284624648736,0.6801433093099374,0.6801284624648736,64,0.0007809168629402,AdamW,StepLR,2,0.0063210122133445
44,4,0.6842972597608499,0.6848655158570855,0.6846144186094854,0.6848655158570855,64,0.0007809168629402,AdamW,StepLR,2,0.0063210122133445
44,5,0.6793973547495014,0.6799678843837816,0.6798401550207965,0.6799678843837816,64,0.0007809168629402,AdamW,StepLR,2,0.0063210122133445
87,1,0.6804695383563936,0.6809569685292228,0.6819775149140608,0.6809569685292228,384,0.0026282431372834,Adam,StepLR,4,0.0002646064890227
87,2,0.6748437710341759,0.6750963391136802,0.6748455290780315,0.6750963391136802,384,0.0026282431372834,Adam,StepLR,4,0.0002646064890227
87,3,0.6767361022087136,0.676756322761943,0.6774860519535708,0.676756322761943,384,0.0026282431372834,Adam,StepLR,4,0.0002646064890227
87,4,0.6802004339004467,0.6810116419108792,0.6807296918867051,0.6810116419108792,384,0.0026282431372834,Adam,StepLR,4,0.0002646064890227
87,5,0.6802788824105258,0.6810116419108792,0.6804798192004937,0.6810116419108792,384,0.0026282431372834,Adam,StepLR,4,0.0002646064890227
29,1,0.6814224727414404,0.6820006422607579,0.6829187286687051,0.6820006422607579,64,0.0015438221758396,AdamW,StepLR,8,0.000804149108438
29,2,0.6790123354905242,0.6783076429030186,0.6802299139321298,0.6783076429030186,64,0.0015438221758396,AdamW,StepLR,8,0.000804149108438
29,3,0.6812692057001469,0.681493376154155,0.6823914884064642,0.681493376154155,64,0.0015438221758396,AdamW,StepLR,8,0.000804149108438
29,4,0.6816189243300375,0.6823765556001605,0.6816876985176068,0.6823765556001605,64,0.0015438221758396,AdamW,StepLR,8,0.000804149108438
29,5,0.6795424948343406,0.6802890405459655,0.6795554528459901,0.6802890405459655,64,0.0015438221758396,AdamW,StepLR,8,0.000804149108438
82,1,0.679496233754101,0.6800738599871547,0.6810292608663864,0.6800738599871547,256,0.0066649313980708,AdamW,CosineAnnealingLR,4,7.049160326375426e-05
82,2,0.6777473569187576,0.6781470777135516,0.6778622475760991,0.6781470777135516,256,0.0066649313980708,AdamW,CosineAnnealingLR,4,7.049160326375426e-05
82,3,0.675777116672684,0.6760337213970293,0.6764377501767712,0.6760337213970293,256,0.0066649313980708,AdamW,CosineAnnealingLR,4,7.049160326375426e-05
82,4,0.6767109774176145,0.6771577679646729,0.6765025880835347,0.6771577679646729,256,0.0066649313980708,AdamW,CosineAnnealingLR,4,7.049160326375426e-05
82,5,0.6703968898813928,0.6716981132075471,0.6709504685455203,0.6716981132075471,256,0.0066649313980708,AdamW,CosineAnnealingLR,4,7.049160326375426e-05
15,1,0.5956634119515083,0.5982658959537572,0.5974886934305,0.5982658959537572,512,5.491301725740335e-05,AdamW,StepLR,4,0.0001772556726457
15,2,0.595450750916146,0.5986673089274245,0.5983384626078845,0.5986673089274245,512,5.491301725740335e-05,AdamW,StepLR,4,0.0001772556726457
15,3,0.5871413673906537,0.5904456041750301,0.5890952190022741,0.5904456041750301,512,5.491301725740335e-05,AdamW,StepLR,4,0.0001772556726457
15,4,0.5987733510318131,0.6016860698514652,0.6002407236998434,0.6016860698514652,512,5.491301725740335e-05,AdamW,StepLR,4,0.0001772556726457
15,5,0.581072991562979,0.5845042151746287,0.5831986165444822,0.5845042151746287,512,5.491301725740335e-05,AdamW,StepLR,4,0.0001772556726457
69,1,0.6898812441204174,0.6905908798972383,0.6912100101918606,0.6905908798972383,256,0.0020240611219321,AdamW,StepLR,2,0.0016886400324014
69,2,0.6810440668139807,0.6809569685292228,0.6816869134350382,0.6809569685292228,256,0.0020240611219321,AdamW,StepLR,2,0.0016886400324014
69,3,0.6840193298847193,0.683661180248896,0.6851834286346385,0.683661180248896,256,0.0020240611219321,AdamW,StepLR,2,0.0016886400324014
69,4,0.6851573480118563,0.6855881172219992,0.685447183488265,0.6855881172219992,256,0.0020240611219321,AdamW,StepLR,2,0.0016886400324014
69,5,0.6810869374216151,0.681493376154155,0.6811271310509938,0.681493376154155,256,0.0020240611219321,AdamW,StepLR,2,0.0016886400324014
1,1,0.513737102367994,0.5240044958253051,0.5190363839444397,0.5240044958253051,64,2.6534719111446376e-06,AdamW,StepLR,4,0.0009609331245835
1,2,0.5029850942588789,0.5136480411046885,0.5086653336292594,0.5136480411046885,64,2.6534719111446376e-06,AdamW,StepLR,4,0.0009609331245835
1,3,0.5097706098009863,0.5170614211160177,0.5155784019576912,0.5170614211160177,64,2.6534719111446376e-06,AdamW,StepLR,4,0.0009609331245835
1,4,0.5109742323479488,0.5176234443998394,0.5176982611598325,0.5176234443998394,64,2.6534719111446376e-06,AdamW,StepLR,4,0.0009609331245835
1,5,0.5012068616643831,0.5087113608992373,0.5040196426376526,0.5087113608992373,64,2.6534719111446376e-06,AdamW,StepLR,4,0.0009609331245835
53,1,0.6850313337177436,0.6850513808606294,0.6859911294544921,0.6850513808606294,256,0.0016081586335333,AdamW,StepLR,2,0.0065104049240243
53,2,0.6824007560302456,0.6828837508028259,0.6828450516830682,0.6828837508028259,256,0.0016081586335333,AdamW,StepLR,2,0.0065104049240243
53,3,0.6805951903954575,0.681573665194701,0.6802152721166679,0.681573665194701,256,0.0016081586335333,AdamW,StepLR,2,0.0065104049240243
53,4,0.6848993008444167,0.6851063829787234,0.6852402978044925,0.6851063829787234,256,0.0016081586335333,AdamW,StepLR,2,0.0065104049240243
53,5,0.6766417477573026,0.676595744680851,0.6768692932374929,0.676595744680851,256,0.0016081586335333,AdamW,StepLR,2,0.0065104049240243
46,1,0.6806845139802853,0.680796403339756,0.6810239113409665,0.680796403339756,64,0.0002824846832634,Adam,CosineAnnealingLR,2,0.0062622917489599
46,2,0.680897880037456,0.6817597944765574,0.6810495159263587,0.6817597944765574,64,0.0002824846832634,Adam,CosineAnnealingLR,2,0.0062622917489599
46,3,0.6823692412258102,0.6822962665596146,0.6838830020395249,0.6822962665596146,64,0.0002824846832634,Adam,CosineAnnealingLR,2,0.0062622917489599
46,4,0.6830972985264062,0.6834203131272581,0.6837004379572473,0.6834203131272581,64,0.0002824846832634,Adam,CosineAnnealingLR,2,0.0062622917489599
46,5,0.6809272441576334,0.6812525090325171,0.6812871229117736,0.6812525090325171,64,0.0002824846832634,Adam,CosineAnnealingLR,2,0.0062622917489599
3,1,0.5851826419452985,0.5882305716120745,0.5872887412124949,0.5882305716120745,256,3.02914290430948e-05,AdamW,StepLR,4,4.691793292111342e-06
3,2,0.5843222215538437,0.5872671804752729,0.5872561057136848,0.5872671804752729,256,3.02914290430948e-05,AdamW,StepLR,4,4.691793292111342e-06
3,3,0.586965363897572,0.5902047370533922,0.5891713195058824,0.5902047370533922,256,3.02914290430948e-05,AdamW,StepLR,4,4.691793292111342e-06
3,4,0.5927859998608173,0.5964672822159776,0.5963000108427919,0.5964672822159776,256,3.02914290430948e-05,AdamW,StepLR,4,4.691793292111342e-06
3,5,0.5786360406108735,0.5826575672420714,0.5806929274176449,0.5826575672420714,256,3.02914290430948e-05,AdamW,StepLR,4,4.691793292111342e-06
43,1,0.6824578469943623,0.6830443159922929,0.6829091424971584,0.6830443159922929,64,0.000861322508279,AdamW,StepLR,1,0.0026629993334705
43,2,0.6777255652342207,0.6782273603082851,0.6787667928627023,0.6782273603082851,64,0.000861322508279,AdamW,StepLR,1,0.0026629993334705
43,3,0.6841161884409238,0.6850260939381775,0.6841546310912406,0.6850260939381775,64,0.000861322508279,AdamW,StepLR,1,0.0026629993334705
43,4,0.6814771695649966,0.6810919309514252,0.6827346433523099,0.6810919309514252,64,0.000861322508279,AdamW,StepLR,1,0.0026629993334705
43,5,0.6832464106226168,0.6838217583299879,0.6829869907703152,0.6838217583299879,64,0.000861322508279,AdamW,StepLR,1,0.0026629993334705
16,1,0.6616299688967876,0.6616088631984586,0.6664791135556095,0.6616088631984586,512,0.001095623589303,Adam,StepLR,1,0.0038131406380823
16,2,0.6580613435677468,0.6595215157353885,0.6633093641595369,0.6595215157353885,512,0.001095623589303,Adam,StepLR,1,0.0038131406380823
16,3,0.6563464753419423,0.6565234845443597,0.6624654814355828,0.6565234845443597,512,0.001095623589303,Adam,StepLR,1,0.0038131406380823
16,4,0.6613543038855941,0.662786029706945,0.6659019315027724,0.662786029706945,512,0.001095623589303,Adam,StepLR,1,0.0038131406380823
16,5,0.6540383181812265,0.6545162585307106,0.6615940716256904,0.6545162585307106,512,0.001095623589303,Adam,StepLR,1,0.0038131406380823
23,1,0.6657808378467852,0.6667469492614001,0.666787432082623,0.6667469492614001,64,0.0005239026990887,AdamW,StepLR,8,0.001120443803262
23,2,0.6651713142641462,0.6656229929351317,0.665711389003168,0.6656229929351317,64,0.0005239026990887,AdamW,StepLR,8,0.001120443803262
23,3,0.6607225897829727,0.6613408269771176,0.6609263101353032,0.6613408269771176,64,0.0005239026990887,AdamW,StepLR,8,0.001120443803262
23,4,0.6663278837379728,0.6672019269369731,0.6672212216120704,0.6672019269369731,64,0.0005239026990887,AdamW,StepLR,8,0.001120443803262
23,5,0.6695748093896045,0.6692091529506222,0.670648971040561,0.6692091529506222,64,0.0005239026990887,AdamW,StepLR,8,0.001120443803262
14,1,0.6591626069192131,0.6600032113037894,0.659981516777504,0.6600032113037894,64,0.0002165347121386,Adam,CosineAnnealingLR,8,0.0023963338531455
14,2,0.6545543602757281,0.6558285163776493,0.6552625786089269,0.6558285163776493,64,0.0002165347121386,Adam,CosineAnnealingLR,8,0.0023963338531455
14,3,0.6548387537120144,0.6554797270172621,0.6553780358035025,0.6554797270172621,64,0.0002165347121386,Adam,CosineAnnealingLR,8,0.0023963338531455
14,4,0.6592628829188429,0.6595744680851063,0.6595071743705979,0.6595744680851063,64,0.0002165347121386,Adam,CosineAnnealingLR,8,0.0023963338531455
14,5,0.6522357767329121,0.6521878763548775,0.6529661433196254,0.6521878763548775,64,0.0002165347121386,Adam,CosineAnnealingLR,8,0.0023963338531455
0,1,0.6829181197532903,0.6832048811817598,0.6835317458267226,0.6832048811817598,64,0.0009625977571662,AdamW,StepLR,1,0.0018454595286186
0,2,0.6798680869939152,0.6804752729608221,0.6809324214571596,0.6804752729608221,64,0.0009625977571662,AdamW,StepLR,1,0.0018454595286186
0,3,0.683169736368253,0.683661180248896,0.6829679498726119,0.683661180248896,64,0.0009625977571662,AdamW,StepLR,1,0.0018454595286186
0,4,0.6859651795485009,0.6866318747490967,0.6861204381411253,0.6866318747490967,64,0.0009625977571662,AdamW,StepLR,1,0.0018454595286186
0,5,0.6793809337149003,0.6803693295865114,0.6800157245197503,0.6803693295865114,64,0.0009625977571662,AdamW,StepLR,1,0.0018454595286186
48,1,0.6381738535303905,0.6388888888888888,0.6392289010181816,0.6388888888888888,384,0.0001085075447949,Adam,StepLR,2,0.0075732553851284
48,2,0.640117370589462,0.6413776493256262,0.6402308253039969,0.6413776493256262,384,0.0001085075447949,Adam,StepLR,2,0.0075732553851284
48,3,0.6394627136742493,0.6404656764351666,0.6398339807312814,0.6404656764351666,384,0.0001085075447949,Adam,StepLR,2,0.0075732553851284
48,4,0.6445446221563161,0.6462464873544761,0.6455623901522638,0.6462464873544761,384,0.0001085075447949,Adam,StepLR,2,0.0075732553851284
48,5,0.6365345423290539,0.6375752709755118,0.6364750934983376,0.6375752709755118,384,0.0001085075447949,Adam,StepLR,2,0.0075732553851284
27,1,0.6766047452351849,0.6771836865767502,0.6775325060867505,0.6771836865767502,256,0.000465116143298,AdamW,StepLR,1,0.0001068211241888
27,2,0.6631992552021152,0.6634553628773282,0.6634741334352174,0.6634553628773282,256,0.000465116143298,AdamW,StepLR,1,0.0001068211241888
27,3,0.6677363847800662,0.6680048173424328,0.6678350569282341,0.6680048173424328,256,0.000465116143298,AdamW,StepLR,1,0.0001068211241888
27,4,0.6738513717690504,0.6745885186672019,0.6736005887423353,0.6745885186672019,256,0.000465116143298,AdamW,StepLR,1,0.0001068211241888
27,5,0.6675604370127978,0.6679245283018868,0.6677061991337018,0.6679245283018868,256,0.000465116143298,AdamW,StepLR,1,0.0001068211241888
56,1,0.5725716237041824,0.5758670520231214,0.5890234241477404,0.5758670520231214,256,0.0053586956408488,Adam,StepLR,2,0.009836467541559
56,2,0.5449421533424619,0.5544315992292871,0.5689883709078408,0.5544315992292871,256,0.0053586956408488,Adam,StepLR,2,0.009836467541559
56,3,0.5610405168015404,0.5664391810517865,0.5723165101035705,0.5664391810517865,256,0.0053586956408488,Adam,StepLR,2,0.009836467541559
56,4,0.565542928259841,0.5709353673223605,0.5728846798954319,0.5709353673223605,256,0.0053586956408488,Adam,StepLR,2,0.009836467541559
56,5,0.5646582915395923,0.5692492974708953,0.5785179821083437,0.5692492974708953,256,0.0053586956408488,Adam,StepLR,2,0.009836467541559
66,1,0.6427921745655434,0.6445086705202312,0.6444527748175163,0.6445086705202312,256,0.0075205191038781,Adam,CosineAnnealingLR,2,0.0010793355009613
66,2,0.630438792897985,0.6323859987154785,0.6327318127655384,0.6323859987154785,256,0.0075205191038781,Adam,CosineAnnealingLR,2,0.0010793355009613
66,3,0.6309565074116894,0.6324367723805701,0.6339215124677876,0.6324367723805701,256,0.0075205191038781,Adam,CosineAnnealingLR,2,0.0010793355009613
66,4,0.6377296745366041,0.639582496989161,0.640025540739487,0.639582496989161,256,0.0075205191038781,Adam,CosineAnnealingLR,2,0.0010793355009613
66,5,0.6285294509932892,0.6300281011641911,0.6302169807115638,0.6300281011641911,256,0.0075205191038781,Adam,CosineAnnealingLR,2,0.0010793355009613
84,1,0.6824003465894684,0.6825626204238922,0.6830045731521105,0.6825626204238922,256,0.0018764260454495,AdamW,CosineAnnealingLR,4,0.0001468347171813
84,2,0.6786798928015906,0.6787893384714194,0.6789488822624942,0.6787893384714194,256,0.0018764260454495,AdamW,CosineAnnealingLR,4,0.0001468347171813
84,3,0.6785180881590926,0.678924126856684,0.6787193191206152,0.678924126856684,256,0.0018764260454495,AdamW,CosineAnnealingLR,4,0.0001468347171813
84,4,0.6811337398032206,0.6816539542352469,0.6818234600141184,0.6816539542352469,256,0.0018764260454495,AdamW,CosineAnnealingLR,4,0.0001468347171813
84,5,0.6818541629886739,0.6823765556001605,0.6818280180681012,0.6823765556001605,256,0.0018764260454495,AdamW,CosineAnnealingLR,4,0.0001468347171813
6,1,0.672010703299169,0.6725272960822094,0.6727816976036439,0.6725272960822094,512,0.001060863856513,Adam,StepLR,4,0.0059513556950169
6,2,0.6681974566520402,0.6683526011560693,0.6688141939583354,0.6683526011560693,512,0.001060863856513,Adam,StepLR,4,0.0059513556950169
6,3,0.6727620220717486,0.6730630268968286,0.6735502972113531,0.6730630268968286,512,0.001060863856513,Adam,StepLR,4,0.0059513556950169
6,4,0.6755915684209214,0.676836611802489,0.6762728641620958,0.676836611802489,512,0.001060863856513,Adam,StepLR,4,0.0059513556950169
6,5,0.670010069568401,0.6704937775993577,0.6702839002231311,0.6704937775993577,512,0.001060863856513,Adam,StepLR,4,0.0059513556950169
63,1,0.6831122867140809,0.6836865767501605,0.6842347762472356,0.6836865767501605,256,0.0027403128002032,AdamW,StepLR,2,0.001119722232682
63,2,0.6764322722089743,0.6770231213872833,0.6764340537202467,0.6770231213872833,256,0.0027403128002032,AdamW,StepLR,2,0.001119722232682
63,3,0.6773156460628477,0.6775592131674026,0.677855735149076,0.6775592131674026,256,0.0027403128002032,AdamW,StepLR,2,0.001119722232682
63,4,0.6880858189557284,0.6888799678843838,0.6880354639224862,0.6888799678843838,256,0.0027403128002032,AdamW,StepLR,2,0.001119722232682
63,5,0.6796946169766546,0.6799678843837816,0.6801342751039238,0.6799678843837816,256,0.0027403128002032,AdamW,StepLR,2,0.001119722232682
86,1,0.6851548503468363,0.6855330764290302,0.6856521638232655,0.6855330764290302,256,0.0033768792533811,AdamW,StepLR,4,0.0014328411883942
86,2,0.6778000180903754,0.6783879254977521,0.677952730444799,0.6783879254977521,256,0.0033768792533811,AdamW,StepLR,4,0.0014328411883942
86,3,0.6799366352102367,0.6802087515054195,0.6809553440870647,0.6802087515054195,256,0.0033768792533811,AdamW,StepLR,4,0.0014328411883942
86,4,0.6860966064326312,0.6866318747490967,0.6862209215160401,0.6866318747490967,256,0.0033768792533811,AdamW,StepLR,4,0.0014328411883942
86,5,0.6789783121367092,0.6792452830188679,0.679269859365159,0.6792452830188679,256,0.0033768792533811,AdamW,StepLR,4,0.0014328411883942
49,1,0.6436053684289293,0.6442678227360308,0.6441886725454578,0.6442678227360308,64,5.5769748965448994e-05,AdamW,StepLR,2,0.0048591995909469
49,2,0.6420950949681119,0.6430635838150289,0.6427185574109482,0.6430635838150289,64,5.5769748965448994e-05,AdamW,StepLR,2,0.0048591995909469
49,3,0.6430708950032593,0.6439181051786431,0.6436115628201712,0.6439181051786431,64,5.5769748965448994e-05,AdamW,StepLR,2,0.0048591995909469
49,4,0.648100467405766,0.6494580489763148,0.6481332174971041,0.6494580489763148,64,5.5769748965448994e-05,AdamW,StepLR,2,0.0048591995909469
49,5,0.6382635804347228,0.6386190285026094,0.6396826175089003,0.6386190285026094,64,5.5769748965448994e-05,AdamW,StepLR,2,0.0048591995909469
93,1,0.6864146244113624,0.6860950545921645,0.687372516858538,0.6860950545921645,256,0.0020245642556646,AdamW,StepLR,2,0.0007722540329439
93,2,0.6819282853443245,0.6820006422607579,0.6826884149880973,0.6820006422607579,256,0.0020245642556646,AdamW,StepLR,2,0.0007722540329439
93,3,0.6816038657757624,0.681573665194701,0.6830908305712083,0.681573665194701,256,0.0020245642556646,AdamW,StepLR,2,0.0007722540329439
93,4,0.6839284915542463,0.6839823364110799,0.6840377961378431,0.6839823364110799,256,0.0020245642556646,AdamW,StepLR,2,0.0007722540329439
93,5,0.679032339267753,0.679164993978322,0.6796698145867955,0.679164993978322,256,0.0020245642556646,AdamW,StepLR,2,0.0007722540329439
60,1,0.6639409075253093,0.6644187540141298,0.6643460132810508,0.6644187540141298,64,0.0002313492325695,AdamW,StepLR,2,2.836340538167341e-05
60,2,0.660578655039815,0.6607257546563905,0.6610894217055584,0.6607257546563905,64,0.0002313492325695,AdamW,StepLR,2,2.836340538167341e-05
60,3,0.6658613876115236,0.6660778803693296,0.6658367996048157,0.6660778803693296,64,0.0002313492325695,AdamW,StepLR,2,2.836340538167341e-05
60,4,0.6675039397146223,0.6677639502207948,0.66785112660207,0.6677639502207948,64,0.0002313492325695,AdamW,StepLR,2,2.836340538167341e-05
60,5,0.6609747209198993,0.6614211160176636,0.6612118946543007,0.6614211160176636,64,0.0002313492325695,AdamW,StepLR,2,2.836340538167341e-05
21,1,0.6822514220327558,0.6821612074502248,0.6832536917301114,0.6821612074502248,64,0.0024323677226057,AdamW,StepLR,8,0.0007315361897884
21,2,0.6763663440551098,0.6771836865767502,0.6772390228196145,0.6771836865767502,64,0.0024323677226057,AdamW,StepLR,8,0.0007315361897884
21,3,0.670324286115726,0.6711360899237254,0.6704379404723063,0.6711360899237254,64,0.0024323677226057,AdamW,StepLR,8,0.0007315361897884
21,4,0.6819360699574866,0.6819751103974308,0.6826640250541749,0.6819751103974308,64,0.0024323677226057,AdamW,StepLR,8,0.0007315361897884
21,5,0.6761109160734623,0.676756322761943,0.6769078895123567,0.676756322761943,64,0.0024323677226057,AdamW,StepLR,8,0.0007315361897884
79,1,0.6722957907423851,0.6728484264611432,0.6726957552748019,0.6728484264611432,256,0.0096241098594069,AdamW,StepLR,4,0.0004231176310798
79,2,0.6669383049611807,0.6676300578034682,0.667091928546813,0.6676300578034682,256,0.0096241098594069,AdamW,StepLR,4,0.0004231176310798
79,3,0.6677714373157019,0.6684062625451626,0.6696092115013667,0.6684062625451626,256,0.0096241098594069,AdamW,StepLR,4,0.0004231176310798
79,4,0.673297702303689,0.6745082296266559,0.6743745710499129,0.6745082296266559,256,0.0096241098594069,AdamW,StepLR,4,0.0004231176310798
79,5,0.6725914060504473,0.6726615816940987,0.6728032979234675,0.6726615816940987,256,0.0096241098594069,AdamW,StepLR,4,0.0004231176310798
24,1,0.6768032367743416,0.6778259473346179,0.6772022892140422,0.6778259473346179,64,0.005582122015289,AdamW,StepLR,8,0.0003584671787986
24,2,0.6740276562921493,0.6740526653821451,0.6744743135959715,0.6740526653821451,64,0.005582122015289,AdamW,StepLR,8,0.0003584671787986
24,3,0.6698151048769161,0.669690887193898,0.6716952363110195,0.669690887193898,64,0.005582122015289,AdamW,StepLR,8,0.0003584671787986
24,4,0.6778192950419085,0.6778000802890406,0.6789280145274772,0.6778000802890406,64,0.005582122015289,AdamW,StepLR,8,0.0003584671787986
24,5,0.6752307382114382,0.6761942994781213,0.6760409557813888,0.6761942994781213,64,0.005582122015289,AdamW,StepLR,8,0.0003584671787986
58,1,0.6708983119871843,0.6709216441875402,0.6719300833995011,0.6709216441875402,64,0.0004215326041571,AdamW,StepLR,4,0.0009651336315027
58,2,0.6647196028259214,0.6661849710982659,0.6651339577080022,0.6661849710982659,64,0.0004215326041571,AdamW,StepLR,4,0.0009651336315027
58,3,0.6655768943975122,0.6661581694098756,0.6657791287412687,0.6661581694098756,64,0.0004215326041571,AdamW,StepLR,4,0.0009651336315027
58,4,0.6716045742426943,0.6732236049779206,0.6710419120799713,0.6732236049779206,64,0.0004215326041571,AdamW,StepLR,4,0.0009651336315027
58,5,0.6674742162633066,0.667362505018065,0.6683253306640942,0.667362505018065,64,0.0004215326041571,AdamW,StepLR,4,0.0009651336315027
18,1,0.6612854158374593,0.660645472061657,0.6639707375607694,0.660645472061657,64,0.0091427577621108,AdamW,CosineAnnealingLR,1,1.0684677811103444e-05
18,2,0.6654338203313325,0.6654624277456648,0.6663243086386634,0.6654624277456648,64,0.0091427577621108,AdamW,CosineAnnealingLR,1,1.0684677811103444e-05
18,3,0.6642986577463519,0.6652749899638699,0.6647162944135505,0.6652749899638699,64,0.0091427577621108,AdamW,CosineAnnealingLR,1,1.0684677811103444e-05
18,4,0.6621910873019551,0.6620634283420314,0.6647830328266412,0.6620634283420314,64,0.0091427577621108,AdamW,CosineAnnealingLR,1,1.0684677811103444e-05
18,5,0.6659195820014872,0.6659173022882376,0.6663569545624514,0.6659173022882376,64,0.0091427577621108,AdamW,CosineAnnealingLR,1,1.0684677811103444e-05
95,1,0.6834512552879034,0.6841682723185614,0.683969848009867,0.6841682723185614,256,0.001591516690787,AdamW,StepLR,2,0.0015306585562729
95,2,0.6797392264303119,0.6799935773924213,0.6799730578770972,0.6799935773924213,256,0.001591516690787,AdamW,StepLR,2,0.0015306585562729
95,3,0.6751493668520047,0.6754716981132075,0.6767699071647867,0.6754716981132075,256,0.001591516690787,AdamW,StepLR,2,0.0015306585562729
95,4,0.6857551215357643,0.6859092733841831,0.6865942357489796,0.6859092733841831,256,0.001591516690787,AdamW,StepLR,2,0.0015306585562729
95,5,0.675481183095981,0.6757125652348455,0.675970827541102,0.6757125652348455,256,0.001591516690787,AdamW,StepLR,2,0.0015306585562729
22,1,0.6809488681389347,0.6819203596660244,0.6830879260184641,0.6819203596660244,64,0.0029070495865554,AdamW,StepLR,8,0.0001365571904421
22,2,0.6757814463278483,0.6758188824662813,0.6763836399924937,0.6758188824662813,64,0.0029070495865554,AdamW,StepLR,8,0.0001365571904421
22,3,0.6790785073840212,0.6802087515054195,0.6791121543002644,0.6802087515054195,64,0.0029070495865554,AdamW,StepLR,8,0.0001365571904421
22,4,0.6791390003311922,0.6802087515054195,0.6794238669958359,0.6802087515054195,64,0.0029070495865554,AdamW,StepLR,8,0.0001365571904421
22,5,0.6809061346299597,0.6810919309514252,0.6814525516279902,0.6810919309514252,64,0.0029070495865554,AdamW,StepLR,8,0.0001365571904421
32,1,0.6827431931654505,0.6831245985870263,0.6843807529500868,0.6831245985870263,64,0.0006220188421121,AdamW,StepLR,1,0.0037020216716391
32,2,0.6765521281947259,0.6766217084136159,0.677317591959506,0.6766217084136159,64,0.0006220188421121,AdamW,StepLR,1,0.0037020216716391
32,3,0.6840352910205856,0.6843837816138097,0.6853252529373793,0.6843837816138097,64,0.0006220188421121,AdamW,StepLR,1,0.0037020216716391
32,4,0.6863987267755566,0.6867121637896427,0.686423867180524,0.6867121637896427,64,0.0006220188421121,AdamW,StepLR,1,0.0037020216716391
32,5,0.6756927316210837,0.6759534323564833,0.6766136527432839,0.6759534323564833,64,0.0006220188421121,AdamW,StepLR,1,0.0037020216716391
51,1,0.6748387536818194,0.6756583172768144,0.6752783843690302,0.6756583172768144,256,0.0006769560171995,AdamW,StepLR,2,0.0087302418791886
51,2,0.6676302672891398,0.6681920359666025,0.6677478173503009,0.6681920359666025,256,0.0006769560171995,AdamW,StepLR,2,0.0087302418791886
51,3,0.6681319537064404,0.6682456844640706,0.66831199173643,0.6682456844640706,256,0.0006769560171995,AdamW,StepLR,2,0.0087302418791886
51,4,0.6702734780670572,0.6703331995182658,0.670381610616567,0.6703331995182658,256,0.0006769560171995,AdamW,StepLR,2,0.0087302418791886
51,5,0.6708403678175439,0.6706543556804496,0.671874723762181,0.6706543556804496,256,0.0006769560171995,AdamW,StepLR,2,0.0087302418791886
81,1,0.6829588231621437,0.6832851637764933,0.6839060366637928,0.6832851637764933,256,0.003976719954513,AdamW,CosineAnnealingLR,4,3.0292797288960303e-05
81,2,0.6822713512475107,0.6820006422607579,0.6831397524709285,0.6820006422607579,256,0.003976719954513,AdamW,CosineAnnealingLR,4,3.0292797288960303e-05
81,3,0.6810514501847398,0.6811722199919711,0.681246102101129,0.6811722199919711,256,0.003976719954513,AdamW,CosineAnnealingLR,4,3.0292797288960303e-05
81,4,0.6847836640425646,0.6855078281814533,0.684688090852759,0.6855078281814533,256,0.003976719954513,AdamW,CosineAnnealingLR,4,3.0292797288960303e-05
81,5,0.6788279824749881,0.6788438378161381,0.6790667876805452,0.6788438378161381,256,0.003976719954513,AdamW,CosineAnnealingLR,4,3.0292797288960303e-05
90,1,0.6866912529325666,0.6873795761078998,0.6874385135315176,0.6873795761078998,256,0.0019164941232246,AdamW,StepLR,2,0.0009826657600861
90,2,0.6826357553164871,0.6823217726396917,0.6833203747321962,0.6823217726396917,256,0.0019164941232246,AdamW,StepLR,2,0.0009826657600861
90,3,0.6792149814404691,0.679164993978322,0.6799551735732051,0.679164993978322,256,0.0019164941232246,AdamW,StepLR,2,0.0009826657600861
90,4,0.6866489060345258,0.6873544761140105,0.6868966437142655,0.6873544761140105,256,0.0019164941232246,AdamW,StepLR,2,0.0009826657600861
90,5,0.6757687650546963,0.6765154556403051,0.6765248461712451,0.6765154556403051,256,0.0019164941232246,AdamW,StepLR,2,0.0009826657600861
31,1,0.6809631552914992,0.6810372511239563,0.6819972299612231,0.6810372511239563,64,0.0006349914153904,AdamW,StepLR,1,0.0046494441435604
31,2,0.6775653857150267,0.6784682080924855,0.6778861158483023,0.6784682080924855,64,0.0006349914153904,AdamW,StepLR,1,0.0046494441435604
31,3,0.6799373477531723,0.6800481734243276,0.6804639370010119,0.6800481734243276,64,0.0006349914153904,AdamW,StepLR,1,0.0046494441435604
31,4,0.6843594793574039,0.6847049377759936,0.6844171557070446,0.6847049377759936,64,0.0006349914153904,AdamW,StepLR,1,0.0046494441435604
31,5,0.6788551184048016,0.679164993978322,0.6793572323570867,0.679164993978322,64,0.0006349914153904,AdamW,StepLR,1,0.0046494441435604
73,1,0.6823040597487172,0.6828837508028259,0.6830045025241785,0.6828837508028259,256,0.0030332260078693,AdamW,StepLR,4,0.0003501440094976
73,2,0.675117051218141,0.6760597302504817,0.6757034988843585,0.6760597302504817,256,0.0030332260078693,AdamW,StepLR,4,0.0003501440094976
73,3,0.6807150880822512,0.6811722199919711,0.681185819018114,0.6811722199919711,256,0.0030332260078693,AdamW,StepLR,4,0.0003501440094976
73,4,0.6843968490679915,0.6844640706543557,0.6850636745818703,0.6844640706543557,256,0.0030332260078693,AdamW,StepLR,4,0.0003501440094976
73,5,0.6772062006651179,0.6769971898835809,0.6778926781315416,0.6769971898835809,256,0.0030332260078693,AdamW,StepLR,4,0.0003501440094976
38,1,0.6646029689608937,0.6646596017983302,0.6649942537339721,0.6646596017983302,64,0.0001558603785824,AdamW,StepLR,1,0.0096705642816066
38,2,0.6644173227076773,0.6643384714193963,0.6652103214679168,0.6643384714193963,64,0.0001558603785824,AdamW,StepLR,1,0.0096705642816066
38,3,0.6620231803767903,0.6631071858691289,0.6619399811980231,0.6631071858691289,64,0.0001558603785824,AdamW,StepLR,1,0.0096705642816066
38,4,0.665931207409324,0.6666399036531514,0.6661935454259902,0.6666399036531514,64,0.0001558603785824,AdamW,StepLR,1,0.0096705642816066
38,5,0.6613881654000628,0.6615014050582095,0.6614919526927773,0.6615014050582095,64,0.0001558603785824,AdamW,StepLR,1,0.0096705642816066
89,1,0.6816682490787906,0.6820809248554913,0.6817739680247441,0.6820809248554913,128,0.0010643506827641,AdamW,StepLR,4,9.57120668375962e-05
89,2,0.6706492725666836,0.6717244701348748,0.6703237320173472,0.6717244701348748,128,0.0010643506827641,AdamW,StepLR,4,9.57120668375962e-05
89,3,0.6757421190370357,0.6762745885186672,0.6763484041233803,0.6762745885186672,128,0.0010643506827641,AdamW,StepLR,4,9.57120668375962e-05
89,4,0.6791942241029469,0.6798073063026897,0.6791591136621019,0.6798073063026897,128,0.0010643506827641,AdamW,StepLR,4,9.57120668375962e-05
89,5,0.6755140023875099,0.6756322761942994,0.6760982987157252,0.6756322761942994,128,0.0010643506827641,AdamW,StepLR,4,9.57120668375962e-05
36,1,0.6829520712859535,0.6828837508028259,0.6838618936099026,0.6828837508028259,64,0.0007347928692763,AdamW,StepLR,1,0.001268611303331
36,2,0.6801433101427947,0.6803147077713552,0.6804004823112705,0.6803147077713552,64,0.0007347928692763,AdamW,StepLR,1,0.001268611303331
36,3,0.6779752360052822,0.6774789241268567,0.6792578951397807,0.6774789241268567,64,0.0007347928692763,AdamW,StepLR,1,0.001268611303331
36,4,0.6858549416633023,0.6863910076274589,0.6859573389345489,0.6863910076274589,64,0.0007347928692763,AdamW,StepLR,1,0.001268611303331
36,5,0.6797731681102026,0.6798875953432356,0.6802657656988056,0.6798875953432356,64,0.0007347928692763,AdamW,StepLR,1,0.001268611303331
88,1,0.5175772336858159,0.5248073217726397,0.5219594046498848,0.5248073217726397,256,4.674873297276079e-06,AdamW,CosineAnnealingLR,2,0.0021913563105074
88,2,0.510148378012085,0.5184649967886962,0.5147291282419255,0.5184649967886962,256,4.674873297276079e-06,AdamW,CosineAnnealingLR,2,0.0021913563105074
88,3,0.5159007147505773,0.5234845443596949,0.518922076888173,0.5234845443596949,256,4.674873297276079e-06,AdamW,CosineAnnealingLR,2,0.0021913563105074
88,4,0.5154658419330818,0.5234845443596949,0.5206690480192574,0.5234845443596949,256,4.674873297276079e-06,AdamW,CosineAnnealingLR,2,0.0021913563105074
88,5,0.509090355176154,0.5152950622240065,0.5127668822582593,0.5152950622240065,256,4.674873297276079e-06,AdamW,CosineAnnealingLR,2,0.0021913563105074
72,1,0.6855088893698683,0.6857739242132306,0.6861347075258161,0.6857739242132306,256,0.0027397873692446,AdamW,StepLR,4,0.0009409602202196
72,2,0.6828612924035768,0.6832851637764933,0.6831566529943728,0.6832851637764933,256,0.0027397873692446,AdamW,StepLR,4,0.0009409602202196
72,3,0.6817345214158795,0.6812525090325171,0.6833443527459022,0.6812525090325171,256,0.0027397873692446,AdamW,StepLR,4,0.0009409602202196
72,4,0.6863653734523655,0.6874347651545564,0.6862385034055709,0.6874347651545564,256,0.0027397873692446,AdamW,StepLR,4,0.0009409602202196
72,5,0.6780903451103274,0.6785226816539542,0.678016200861823,0.6785226816539542,256,0.0027397873692446,AdamW,StepLR,4,0.0009409602202196
74,1,0.6754932540911449,0.6755780346820809,0.6766078198710233,0.6755780346820809,256,0.007108305239667,AdamW,StepLR,4,0.0008647267427523
74,2,0.6642224386036778,0.664980732177264,0.6659278076533073,0.664980732177264,256,0.007108305239667,AdamW,StepLR,4,0.0008647267427523
74,3,0.666288226122821,0.6670413488558812,0.6666808080509781,0.6670413488558812,256,0.007108305239667,AdamW,StepLR,4,0.0008647267427523
74,4,0.6758029539759062,0.6762745885186672,0.6759971119039461,0.6762745885186672,256,0.007108305239667,AdamW,StepLR,4,0.0008647267427523
74,5,0.6654105101660918,0.6654355680449618,0.6664274417149024,0.6654355680449618,256,0.007108305239667,AdamW,StepLR,4,0.0008647267427523
67,1,0.682595892181048,0.6830443159922929,0.6831254025516783,0.6830443159922929,256,0.0045362262496541,AdamW,StepLR,2,0.0005573644940587
67,2,0.6708255923439811,0.6714836223506744,0.6715512929938952,0.6714836223506744,256,0.0045362262496541,AdamW,StepLR,2,0.0005573644940587
67,3,0.672124594758196,0.6725010036130068,0.6730022880104413,0.6725010036130068,256,0.0045362262496541,AdamW,StepLR,2,0.0005573644940587
67,4,0.6771648257567808,0.6770774789241268,0.6784321050759631,0.6770774789241268,256,0.0045362262496541,AdamW,StepLR,2,0.0005573644940587
67,5,0.6766191667518241,0.6765154556403051,0.6774377195746505,0.6765154556403051,256,0.0045362262496541,AdamW,StepLR,2,0.0005573644940587
47,1,0.677012347674918,0.6774245343609505,0.6771988146931519,0.6774245343609505,512,0.0056113069467471,AdamW,StepLR,2,0.0029468631086693
47,2,0.6784309403648673,0.6782273603082851,0.6792693040453807,0.6782273603082851,512,0.0056113069467471,AdamW,StepLR,2,0.0029468631086693
47,3,0.6733194629075118,0.6732236049779206,0.6743436145329309,0.6732236049779206,512,0.0056113069467471,AdamW,StepLR,2,0.0029468631086693
47,4,0.6800537422326538,0.6810116419108792,0.6804332567762919,0.6810116419108792,512,0.0056113069467471,AdamW,StepLR,2,0.0029468631086693
47,5,0.6739917999192395,0.6737856282617423,0.6747812390864516,0.6737856282617423,512,0.0056113069467471,AdamW,StepLR,2,0.0029468631086693
83,1,0.6714721112530215,0.6719653179190751,0.6717913675886631,0.6719653179190751,256,0.0012312510693217,AdamW,CosineAnnealingLR,4,5.176383205737954e-05
83,2,0.6698156937632713,0.6695568400770713,0.6705855591325702,0.6695568400770713,256,0.0012312510693217,AdamW,CosineAnnealingLR,4,5.176383205737954e-05
83,3,0.675579800163537,0.6757928542753914,0.6757169096914826,0.6757928542753914,256,0.0012312510693217,AdamW,CosineAnnealingLR,4,5.176383205737954e-05
83,4,0.6786186093963709,0.679164993978322,0.6784186488338244,0.679164993978322,256,0.0012312510693217,AdamW,CosineAnnealingLR,4,5.176383205737954e-05
83,5,0.6706409160754002,0.6709755118426335,0.6707515017095721,0.6709755118426335,256,0.0012312510693217,AdamW,CosineAnnealingLR,4,5.176383205737954e-05
78,1,0.6841716979221228,0.684810533076429,0.6847730407674925,0.684810533076429,256,0.0028834099925912,AdamW,StepLR,4,0.0006317064884277
78,2,0.675717406218132,0.6762202954399487,0.6756260739283552,0.6762202954399487,256,0.0028834099925912,AdamW,StepLR,4,0.0006317064884277
78,3,0.6809016895348784,0.6808510638297872,0.6829372804541668,0.6808510638297872,256,0.0028834099925912,AdamW,StepLR,4,0.0006317064884277
78,4,0.6832429922936657,0.683661180248896,0.6838627712228965,0.683661180248896,256,0.0028834099925912,AdamW,StepLR,4,0.0006317064884277
78,5,0.6731663772254185,0.6734644720995584,0.6730128919656093,0.6734644720995584,256,0.0028834099925912,AdamW,StepLR,4,0.0006317064884277
10,1,0.6679160781493447,0.6677906229929351,0.6690167084902201,0.6677906229929351,128,0.0095548272884071,AdamW,CosineAnnealingLR,1,6.109306929783224e-05
10,2,0.6654830922843991,0.6653821451509313,0.6662800123507081,0.6653821451509313,128,0.0095548272884071,AdamW,CosineAnnealingLR,1,6.109306929783224e-05
10,3,0.6660525268991271,0.6659975913287837,0.6669286592808635,0.6659975913287837,128,0.0095548272884071,AdamW,CosineAnnealingLR,1,6.109306929783224e-05
10,4,0.6703201559367454,0.6708952228020875,0.670734704323225,0.6708952228020875,128,0.0095548272884071,AdamW,CosineAnnealingLR,1,6.109306929783224e-05
10,5,0.6663262459520418,0.6664793255720595,0.6665708762707194,0.6664793255720595,128,0.0095548272884071,AdamW,CosineAnnealingLR,1,6.109306929783224e-05
28,1,0.63169837089613,0.632466281310212,0.6331812187747025,0.632466281310212,128,9.724218868870514e-05,AdamW,StepLR,8,0.0017301561477334
28,2,0.6274503800398566,0.6284521515735388,0.6285063805657916,0.6284521515735388,128,9.724218868870514e-05,AdamW,StepLR,8,0.0017301561477334
28,3,0.6319562507443809,0.6338016860698514,0.6333144570074735,0.6338016860698514,128,9.724218868870514e-05,AdamW,StepLR,8,0.0017301561477334
28,4,0.6345129467969263,0.6360497792051385,0.635335821441548,0.6360497792051385,128,9.724218868870514e-05,AdamW,StepLR,8,0.0017301561477334
28,5,0.628342435472452,0.6297069450020072,0.6292786854673454,0.6297069450020072,128,9.724218868870514e-05,AdamW,StepLR,8,0.0017301561477334
80,1,0.687089744371334,0.6871387283236994,0.6877215071324304,0.6871387283236994,256,0.0035950425091339,AdamW,CosineAnnealingLR,4,6.039588190120501e-05
80,2,0.6730976221239252,0.6736512524084779,0.6728704066273994,0.6736512524084779,256,0.0035950425091339,AdamW,CosineAnnealingLR,4,6.039588190120501e-05
80,3,0.6827530677572399,0.6830991569650743,0.6831939723969882,0.6830991569650743,256,0.0035950425091339,AdamW,CosineAnnealingLR,4,6.039588190120501e-05
80,4,0.6856456282803748,0.686069851465275,0.6856899052365483,0.686069851465275,256,0.0035950425091339,AdamW,CosineAnnealingLR,4,6.039588190120501e-05
80,5,0.6784183092521012,0.6785226816539542,0.678894342745086,0.6785226816539542,256,0.0035950425091339,AdamW,CosineAnnealingLR,4,6.039588190120501e-05
57,1,0.650719067872638,0.6511721258831086,0.6514520917836947,0.6511721258831086,512,0.0001828117333045,AdamW,StepLR,1,1.902807298216424e-06
57,2,0.647414942011117,0.6482819524727039,0.6473995958909204,0.6482819524727039,512,0.0001828117333045,AdamW,StepLR,1,1.902807298216424e-06
57,3,0.6447382615042947,0.6452027298273786,0.644695405192711,0.6452027298273786,512,0.0001828117333045,AdamW,StepLR,1,1.902807298216424e-06
57,4,0.6535480601418493,0.6539542352468888,0.6534533329318432,0.6539542352468888,512,0.0001828117333045,AdamW,StepLR,1,1.902807298216424e-06
57,5,0.6467590485314981,0.6472099558410277,0.6467332048879306,0.6472099558410277,512,0.0001828117333045,AdamW,StepLR,1,1.902807298216424e-06
68,1,0.6857595982057306,0.6859344894026975,0.6862491023981344,0.6859344894026975,256,0.0024658461019497,AdamW,StepLR,2,0.0004883380581601
68,2,0.6772559569935186,0.678548490687219,0.6774749850908572,0.678548490687219,256,0.0024658461019497,AdamW,StepLR,2,0.0004883380581601
68,3,0.68081302785505,0.681413087113609,0.6809445156606391,0.681413087113609,256,0.0024658461019497,AdamW,StepLR,2,0.0004883380581601
68,4,0.684610446737701,0.6855881172219992,0.6850646224769106,0.6855881172219992,256,0.0024658461019497,AdamW,StepLR,2,0.0004883380581601
68,5,0.6792027097097404,0.6796467282215978,0.6792154510326959,0.6796467282215978,256,0.0024658461019497,AdamW,StepLR,2,0.0004883380581601
37,1,0.6819211587603883,0.6820809248554913,0.6827490347525702,0.6820809248554913,64,0.0008361781531237,AdamW,StepLR,1,0.0015976230567691
37,2,0.6842628502868102,0.6840077071290944,0.6855241090720736,0.6840077071290944,64,0.0008361781531237,AdamW,StepLR,1,0.0015976230567691
37,3,0.6838604450498162,0.683741469289442,0.6849771551434797,0.683741469289442,64,0.0008361781531237,AdamW,StepLR,1,0.0015976230567691
37,4,0.685094056529141,0.6854275391409073,0.6860388021611054,0.6854275391409073,64,0.0008361781531237,AdamW,StepLR,1,0.0015976230567691
37,5,0.6818223035648633,0.6829385788839824,0.6822962829688524,0.6829385788839824,64,0.0008361781531237,AdamW,StepLR,1,0.0015976230567691
59,1,0.5180073926886177,0.5245664739884393,0.5233746544189405,0.5245664739884393,64,1.245506596925208e-06,AdamW,StepLR,1,0.0021832174526073
59,2,0.5060815150544881,0.5132466281310212,0.5088219618690399,0.5132466281310212,64,1.245506596925208e-06,AdamW,StepLR,1,0.0021832174526073
59,3,0.5144051530186853,0.5212364512244079,0.5195517227878875,0.5212364512244079,64,1.245506596925208e-06,AdamW,StepLR,1,0.0021832174526073
59,4,0.510150932994424,0.5190686471296668,0.5184669359126458,0.5190686471296668,64,1.245506596925208e-06,AdamW,StepLR,1,0.0021832174526073
59,5,0.5036720819273259,0.5107988759534323,0.5117242496659481,0.5107988759534323,64,1.245506596925208e-06,AdamW,StepLR,1,0.0021832174526073
11,1,0.6666550706323957,0.6661046885035324,0.6685748396801672,0.6661046885035324,512,0.0018281013358883,Adam,StepLR,8,0.0087865040490723
11,2,0.661401600421821,0.6624919717405267,0.6622317903761098,0.6624919717405267,512,0.0018281013358883,Adam,StepLR,8,0.0087865040490723
11,3,0.664798299392763,0.6646326776395022,0.6657545254677856,0.6646326776395022,512,0.0018281013358883,Adam,StepLR,8,0.0087865040490723
11,4,0.6661504283781258,0.6671216378964271,0.6680952718883857,0.6671216378964271,512,0.0018281013358883,Adam,StepLR,8,0.0087865040490723
11,5,0.6593998234333526,0.6598153352067443,0.6602236248875373,0.6598153352067443,512,0.0018281013358883,Adam,StepLR,8,0.0087865040490723
45,1,0.6826185287978745,0.6825626204238922,0.6840404120141468,0.6825626204238922,256,0.0014419599781635,AdamW,StepLR,2,0.0066445834986682
45,2,0.6805645844966571,0.6810372511239563,0.6805711346169007,0.6810372511239563,256,0.0014419599781635,AdamW,StepLR,2,0.0066445834986682
45,3,0.680923989099489,0.6812525090325171,0.6812739670266819,0.6812525090325171,256,0.0014419599781635,AdamW,StepLR,2,0.0066445834986682
45,4,0.685639001147531,0.6862304295463669,0.685443860765546,0.6862304295463669,256,0.0014419599781635,AdamW,StepLR,2,0.0066445834986682
45,5,0.6793969556739853,0.6798875953432356,0.6797026946063234,0.6798875953432356,256,0.0014419599781635,AdamW,StepLR,2,0.0066445834986682
4,1,0.6309853966682791,0.63126204238921,0.6332734599531695,0.63126204238921,64,3.8284985941236105e-05,Adam,StepLR,2,1.1510825760051288e-06
4,2,0.6296948694211382,0.630218368657675,0.6305989028065618,0.630218368657675,64,3.8284985941236105e-05,Adam,StepLR,2,1.1510825760051288e-06
4,3,0.634686853011799,0.6357286230429546,0.6352635526752433,0.6357286230429546,64,3.8284985941236105e-05,Adam,StepLR,2,1.1510825760051288e-06
4,4,0.6406218654183828,0.641830590124448,0.641035236628097,0.641830590124448,64,3.8284985941236105e-05,Adam,StepLR,2,1.1510825760051288e-06
4,5,0.6312154511609269,0.6321959052589321,0.6320262043924066,0.6321959052589321,64,3.8284985941236105e-05,Adam,StepLR,2,1.1510825760051288e-06
62,1,0.675375212433655,0.6759794476557482,0.6759275650377112,0.6759794476557482,256,0.0006828360429322,AdamW,StepLR,2,0.0033328843592702
62,2,0.670739243383968,0.6703596660244059,0.6717058638848904,0.6703596660244059,256,0.0006828360429322,AdamW,StepLR,2,0.0033328843592702
62,3,0.6728426476526518,0.6728221597751907,0.6737634788252131,0.6728221597751907,256,0.0006828360429322,AdamW,StepLR,2,0.0033328843592702
62,4,0.6728213538837033,0.6737053392211964,0.6729961772125471,0.6737053392211964,256,0.0006828360429322,AdamW,StepLR,2,0.0033328843592702
62,5,0.6686013664715468,0.6689682858289844,0.6694639511167381,0.6689682858289844,256,0.0006828360429322,AdamW,StepLR,2,0.0033328843592702
76,1,0.6859408438556414,0.6856936416184971,0.6867519960894112,0.6856936416184971,256,0.0043062339919213,AdamW,StepLR,4,0.0017892903878466
76,2,0.6733839573627516,0.6738921001926782,0.673389222879909,0.6738921001926782,256,0.0043062339919213,AdamW,StepLR,4,0.0017892903878466
76,3,0.6747556977824982,0.6749899638699317,0.6758878079879584,0.6749899638699317,256,0.0043062339919213,AdamW,StepLR,4,0.0017892903878466
76,4,0.6844109576985878,0.6847049377759936,0.6847131500783568,0.6847049377759936,256,0.0043062339919213,AdamW,StepLR,4,0.0017892903878466
76,5,0.6770708652426805,0.6773986350863107,0.6772110347106316,0.6773986350863107,256,0.0043062339919213,AdamW,StepLR,4,0.0017892903878466
52,1,0.6851782959618363,0.6856133590237636,0.6855031410819127,0.6856133590237636,256,0.001189126881456,AdamW,StepLR,2,0.0032304759972174
52,2,0.6787404318624313,0.6794315992292871,0.6785593327918048,0.6794315992292871,256,0.001189126881456,AdamW,StepLR,2,0.0032304759972174
52,3,0.6814762151183,0.6817342432757929,0.6819118088350568,0.6817342432757929,256,0.001189126881456,AdamW,StepLR,2,0.0032304759972174
52,4,0.6837635587227838,0.6845443596949017,0.6839232792781366,0.6845443596949017,256,0.001189126881456,AdamW,StepLR,2,0.0032304759972174
52,5,0.6778104667475362,0.6783621035728623,0.6780797661074264,0.6783621035728623,256,0.001189126881456,AdamW,StepLR,2,0.0032304759972174
97,1,0.6870262933697924,0.6877809890815672,0.6872134991753239,0.6877809890815672,256,0.00137811518739,AdamW,StepLR,2,0.0013055840164708
97,2,0.6780325945804416,0.6783879254977521,0.6781544173679401,0.6783879254977521,256,0.00137811518739,AdamW,StepLR,2,0.0013055840164708
97,3,0.6827883290524775,0.6826174227217985,0.684002054382199,0.6826174227217985,256,0.00137811518739,AdamW,StepLR,2,0.0013055840164708
97,4,0.6830091123690459,0.6835808912083501,0.6833704840416515,0.6835808912083501,256,0.00137811518739,AdamW,StepLR,2,0.0013055840164708
97,5,0.6821466140442596,0.6823765556001605,0.682748544628395,0.6823765556001605,256,0.00137811518739,AdamW,StepLR,2,0.0013055840164708
30,1,0.6831447522760248,0.6832048811817598,0.6839083473854698,0.6832048811817598,64,0.0005918722828515,AdamW,StepLR,1,0.0037929137177068
30,2,0.680281233909843,0.680635838150289,0.6808378905014073,0.680635838150289,64,0.0005918722828515,AdamW,StepLR,1,0.0037929137177068
30,3,0.6791909004476074,0.6792452830188679,0.6794081662927397,0.6792452830188679,64,0.0005918722828515,AdamW,StepLR,1,0.0037929137177068
30,4,0.6842101098205301,0.6842232035327178,0.6854649576986079,0.6842232035327178,64,0.0005918722828515,AdamW,StepLR,1,0.0037929137177068
30,5,0.6768401894911624,0.6774789241268567,0.6773737764900595,0.6774789241268567,64,0.0005918722828515,AdamW,StepLR,1,0.0037929137177068
2,1,0.6754665652098728,0.6757385998715478,0.6761863905443916,0.6757385998715478,512,0.0010137211942011,AdamW,StepLR,2,0.0012679264269955
2,2,0.6694212264228039,0.6699582530507386,0.6696086147023,0.6699582530507386,512,0.0010137211942011,AdamW,StepLR,2,0.0012679264269955
2,3,0.6678791283864275,0.6684865515857086,0.6683122601702344,0.6684865515857086,512,0.0010137211942011,AdamW,StepLR,2,0.0012679264269955
2,4,0.6699355096737484,0.6705740666399036,0.6698166948101645,0.6705740666399036,512,0.0010137211942011,AdamW,StepLR,2,0.0012679264269955
2,5,0.6648084676835989,0.665114411882778,0.6657898621498017,0.665114411882778,512,0.0010137211942011,AdamW,StepLR,2,0.0012679264269955
